sku_id,ds,discount
209,20240107,0.0
245,20240104,0.0
245,20240105,0.0
245,20240106,0.0
245,20240107,0.0
245,20240108,0.0
245,20240109,0.0
245,20240110,0.0
245,20240111,0.0
245,20240112,0.0
245,20240113,0.0
245,20240114,0.0
246,20240101,0.0
246,20240102,0.0
246,20240103,0.0
246,20240104,0.0
246,20240105,0.0
246,20240106,0.0
245,20240103,0.0
246,20240107,0.0
245,20240102,0.0
242,20240114,0.0
239,20240109,0.0
239,20240110,0.0
239,20240111,0.0
239,20240112,0.0
239,20240113,0.0
239,20240114,0.0
242,20240101,0.0
242,20240102,0.0
242,20240103,0.0
242,20240104,0.0
242,20240105,0.0
242,20240106,0.0
242,20240107,0.0
242,20240108,0.0
242,20240111,0.0
242,20240112,0.0
242,20240113,0.0
245,20240101,0.0
239,20240108,0.0
246,20240108,0.0
246,20240110,0.0
252,20240113,0.0
252,20240114,0.0
255,20240106,0.0
256,20240101,0.0
256,20240103,0.0
256,20240104,0.0
256,20240109,0.0
256,20240110,0.0
256,20240111,0.0
256,20240112,0.0
256,20240113,0.0
256,20240114,0.0
259,20240101,0.0
259,20240102,0.0
259,20240103,0.0
259,20240104,0.0
259,20240105,0.0
252,20240112,0.0
246,20240109,0.0
252,20240111,0.0
252,20240109,0.0
246,20240111,0.0
246,20240112,0.0
246,20240113,0.0
246,20240114,0.0
247,20240101,0.0
247,20240108,0.0
247,20240114,0.0
250,20240106,0.0
251,20240114,0.0
252,20240101,0.0
252,20240102,0.0
252,20240103,0.0
252,20240104,0.0
252,20240105,0.0
252,20240106,0.0
252,20240107,0.0
252,20240108,0.0
252,20240110,0.0
239,20240107,0.0
239,20240106,0.0
239,20240105,0.0
229,20240114,0.0
234,20240101,0.0
234,20240102,0.0
234,20240103,0.0
234,20240104,0.0
234,20240105,0.0
234,20240106,0.0
234,20240107,0.0
234,20240108,0.0
234,20240109,0.0
234,20240110,0.0
234,20240111,0.0
234,20240112,0.0
234,20240113,0.0
234,20240114,0.0
235,20240101,0.0
235,20240103,0.0
229,20240113,0.0
235,20240104,0.0
229,20240112,0.0
229,20240110,0.0
227,20240110,0.0
227,20240111,0.0
227,20240112,0.0
227,20240113,0.0
227,20240114,0.0
228,20240102,0.0
228,20240103,0.0
228,20240104,0.0
228,20240105,0.0
229,20240101,0.0
229,20240102,0.0
229,20240103,0.0
229,20240104,0.0
229,20240105,0.0
229,20240106,0.0
229,20240107,0.0
229,20240108,0.0
229,20240111,0.0
235,20240105,0.0
235,20240106,0.0
235,20240107,0.0
238,20240102,0.0
238,20240103,0.0
238,20240104,0.0
238,20240105,0.0
238,20240106,0.0
238,20240107,0.0
238,20240108,0.0
238,20240109,0.0
238,20240110,0.0
238,20240111,0.0
238,20240112,0.0
238,20240113,0.0
238,20240114,0.0
239,20240101,0.0
239,20240102,0.0
239,20240103,0.0
239,20240104,0.0
238,20240101,0.0
236,20240114,0.0
236,20240113,0.0
236,20240112,0.0
235,20240108,0.0
235,20240109,0.0
235,20240110,0.0
235,20240111,0.0
235,20240112,0.0
235,20240113,0.0
235,20240114,0.0
236,20240101,0.0
259,20240106,0.0
236,20240102,0.0
236,20240104,0.0
236,20240105,0.0
236,20240106,0.0
236,20240107,0.0
236,20240108,0.0
236,20240109,0.0
236,20240110,0.0
236,20240111,0.0
236,20240103,0.0
227,20240109,0.0
259,20240107,0.0
259,20240109,0.0
278,20240108,0.0
278,20240109,0.0
278,20240110,0.0
278,20240111,0.0
278,20240112,0.0
278,20240113,0.0
278,20240114,0.0
279,20240101,0.0
279,20240102,0.0
279,20240110,0.0
281,20240101,0.0
281,20240102,0.0
281,20240103,0.0
281,20240104,0.0
281,20240105,0.0
281,20240106,0.0
281,20240107,0.0
278,20240107,0.0
281,20240108,0.0
278,20240106,0.0
278,20240104,0.0
277,20240101,0.0
277,20240102,0.0
277,20240103,0.0
277,20240104,0.0
277,20240105,0.0
277,20240106,0.0
277,20240107,0.0
277,20240108,0.0
277,20240109,0.0
277,20240110,0.0
277,20240111,0.0
277,20240112,0.0
277,20240113,0.0
277,20240114,0.0
278,20240101,0.0
278,20240102,0.0
278,20240103,0.0
278,20240105,0.0
276,20240114,0.0
281,20240109,0.0
281,20240111,0.0
283,20240105,0.0
283,20240106,0.0
283,20240107,0.0
283,20240108,0.0
283,20240109,0.0
283,20240110,0.0
283,20240111,0.0
283,20240112,0.0
283,20240113,0.0
283,20240114,0.0
285,20240101,0.0
285,20240102,0.0
285,20240103,0.0
285,20240104,0.0
285,20240105,0.0
285,20240106,0.0
285,20240107,0.0
283,20240104,0.0
281,20240110,0.0
283,20240103,0.0
283,20240101,0.0
281,20240112,0.0
281,20240113,0.0
281,20240114,0.0
282,20240101,0.0
282,20240102,0.0
282,20240103,0.0
282,20240104,0.0
282,20240105,0.0
282,20240106,0.0
282,20240107,0.0
282,20240108,0.0
282,20240109,0.0
282,20240110,0.0
282,20240111,0.0
282,20240112,0.0
282,20240113,0.0
282,20240114,0.0
283,20240102,0.0
276,20240113,0.0
276,20240112,0.0
276,20240111,0.0
265,20240103,0.0
265,20240104,0.0
265,20240105,0.0
265,20240106,0.0
265,20240107,0.0
265,20240108,0.0
265,20240109,0.0
265,20240110,0.0
265,20240111,0.0
265,20240112,0.0
265,20240113,0.0
265,20240114,0.0
266,20240101,0.0
266,20240102,0.0
266,20240103,0.0
266,20240104,0.0
266,20240105,0.0
265,20240102,0.0
266,20240106,0.0
265,20240101,0.0
264,20240113,0.0
259,20240110,0.0
259,20240111,0.0
259,20240112,0.0
259,20240113,0.0
259,20240114,0.0
264,20240101,0.0
264,20240102,0.0
264,20240103,0.0
264,20240104,0.0
264,20240105,0.0
264,20240106,0.0
264,20240107,0.0
264,20240108,0.0
264,20240109,0.0
264,20240110,0.0
264,20240111,0.0
264,20240112,0.0
264,20240114,0.0
266,20240107,0.0
266,20240108,0.0
266,20240109,0.0
272,20240107,0.0
272,20240110,0.0
273,20240101,0.0
273,20240102,0.0
273,20240103,0.0
273,20240104,0.0
273,20240105,0.0
273,20240106,0.0
273,20240107,0.0
273,20240108,0.0
273,20240109,0.0
273,20240110,0.0
273,20240111,0.0
273,20240112,0.0
273,20240113,0.0
273,20240114,0.0
276,20240104,0.0
272,20240106,0.0
272,20240105,0.0
272,20240103,0.0
270,20240114,0.0
266,20240110,0.0
266,20240111,0.0
266,20240112,0.0
266,20240113,0.0
266,20240114,0.0
270,20240101,0.0
270,20240102,0.0
270,20240103,0.0
259,20240108,0.0
270,20240104,0.0
270,20240106,0.0
270,20240107,0.0
270,20240108,0.0
270,20240109,0.0
270,20240110,0.0
270,20240111,0.0
270,20240112,0.0
270,20240113,0.0
270,20240105,0.0
285,20240108,0.0
227,20240108,0.0
227,20240106,0.0
187,20240114,0.0
191,20240101,0.0
191,20240102,0.0
191,20240103,0.0
191,20240104,0.0
191,20240105,0.0
191,20240106,0.0
191,20240107,0.0
191,20240108,0.0
191,20240109,0.0
191,20240110,0.0
191,20240111,0.0
191,20240112,0.0
191,20240113,0.0
191,20240114,0.0
192,20240101,0.0
192,20240102,0.0
187,20240113,0.0
192,20240103,0.0
187,20240112,0.0
187,20240110,0.0
186,20240107,0.0
186,20240108,0.0
186,20240109,0.0
186,20240110,0.0
186,20240111,0.0
186,20240112,0.0
186,20240113,0.0
186,20240114,0.0
187,20240101,0.0
187,20240102,0.0
187,20240103,0.0
187,20240104,0.0
187,20240105,0.0
187,20240106,0.0
187,20240107,0.0
187,20240108,0.0
187,20240109,0.0
187,20240111,0.0
186,20240106,0.0
192,20240104,0.0
192,20240106,0.0
199,20240104,0.0
199,20240105,0.0
199,20240106,0.0
199,20240107,0.0
199,20240108,0.0
199,20240109,0.0
199,20240110,0.0
199,20240111,0.0
199,20240112,0.0
199,20240113,0.0
199,20240114,0.0
200,20240101,0.0
200,20240102,0.0
200,20240103,0.0
200,20240104,0.0
200,20240105,0.0
200,20240106,0.0
199,20240103,0.0
192,20240105,0.0
199,20240102,0.0
193,20240114,0.0
192,20240107,0.0
192,20240108,0.0
192,20240109,0.0
192,20240110,0.0
192,20240111,0.0
192,20240112,0.0
192,20240113,0.0
192,20240114,0.0
193,20240101,0.0
193,20240102,0.0
193,20240103,0.0
193,20240104,0.0
193,20240105,0.0
193,20240106,0.0
193,20240107,0.0
193,20240112,0.0
193,20240113,0.0
199,20240101,0.0
186,20240105,0.0
186,20240104,0.0
186,20240103,0.0
172,20240107,0.0
172,20240108,0.0
172,20240109,0.0
172,20240110,0.0
172,20240111,0.0
172,20240112,0.0
172,20240113,0.0
172,20240114,0.0
174,20240101,0.0
174,20240102,0.0
174,20240103,0.0
174,20240104,0.0
174,20240105,0.0
174,20240106,0.0
174,20240107,0.0
174,20240108,0.0
174,20240109,0.0
172,20240106,0.0
174,20240110,0.0
172,20240104,0.0
172,20240101,0.0
165,20240110,0.0
165,20240112,0.0
165,20240113,0.0
170,20240101,0.0
170,20240102,0.0
170,20240103,0.0
170,20240104,0.0
170,20240105,0.0
170,20240106,0.0
170,20240107,0.0
170,20240108,0.0
170,20240109,0.0
170,20240110,0.0
170,20240111,0.0
170,20240112,0.0
170,20240113,0.0
170,20240114,0.0
172,20240102,0.0
174,20240111,0.0
174,20240112,0.0
174,20240113,0.0
182,20240104,0.0
182,20240105,0.0
182,20240106,0.0
182,20240107,0.0
182,20240108,0.0
182,20240109,0.0
182,20240110,0.0
182,20240111,0.0
182,20240112,0.0
182,20240113,0.0
182,20240114,0.0
183,20240102,0.0
183,20240108,0.0
184,20240104,0.0
184,20240111,0.0
186,20240101,0.0
186,20240102,0.0
182,20240103,0.0
182,20240102,0.0
182,20240101,0.0
178,20240107,0.0
174,20240114,0.0
176,20240101,0.0
176,20240102,0.0
176,20240103,0.0
176,20240104,0.0
176,20240105,0.0
176,20240106,0.0
176,20240107,0.0
200,20240107,0.0
176,20240108,0.0
176,20240110,0.0
176,20240111,0.0
176,20240112,0.0
176,20240113,0.0
176,20240114,0.0
177,20240101,0.0
177,20240107,0.0
177,20240109,0.0
176,20240109,0.0
227,20240107,0.0
200,20240108,0.0
200,20240110,0.0
218,20240104,0.0
218,20240105,0.0
218,20240106,0.0
218,20240107,0.0
218,20240108,0.0
218,20240109,0.0
218,20240110,0.0
218,20240111,0.0
218,20240112,0.0
218,20240113,0.0
218,20240114,0.0
219,20240114,0.0
221,20240101,0.0
221,20240102,0.0
221,20240103,0.0
221,20240104,0.0
221,20240105,0.0
218,20240103,0.0
221,20240106,0.0
218,20240102,0.0
217,20240114,0.0
216,20240111,0.0
216,20240112,0.0
216,20240113,0.0
216,20240114,0.0
217,20240101,0.0
217,20240102,0.0
217,20240103,0.0
217,20240104,0.0
217,20240105,0.0
217,20240106,0.0
217,20240107,0.0
217,20240108,0.0
217,20240109,0.0
217,20240110,0.0
217,20240111,0.0
217,20240112,0.0
217,20240113,0.0
218,20240101,0.0
216,20240110,0.0
221,20240107,0.0
221,20240109,0.0
225,20240103,0.0
225,20240104,0.0
225,20240105,0.0
225,20240106,0.0
225,20240107,0.0
225,20240108,0.0
225,20240109,0.0
225,20240110,0.0
225,20240111,0.0
225,20240112,0.0
225,20240113,0.0
225,20240114,0.0
227,20240101,0.0
227,20240102,0.0
227,20240103,0.0
227,20240104,0.0
227,20240105,0.0
225,20240102,0.0
221,20240108,0.0
225,20240101,0.0
224,20240113,0.0
221,20240110,0.0
221,20240111,0.0
221,20240112,0.0
221,20240113,0.0
221,20240114,0.0
224,20240101,0.0
224,20240102,0.0
224,20240103,0.0
224,20240104,0.0
224,20240105,0.0
224,20240106,0.0
224,20240107,0.0
224,20240108,0.0
224,20240109,0.0
224,20240110,0.0
224,20240111,0.0
224,20240112,0.0
224,20240114,0.0
216,20240109,0.0
216,20240108,0.0
216,20240107,0.0
209,20240104,0.0
209,20240105,0.0
209,20240106,0.0
401,20240113,0.0
209,20240108,0.0
209,20240109,0.0
209,20240110,0.0
209,20240111,0.0
209,20240112,0.0
209,20240113,0.0
209,20240114,0.0
210,20240101,0.0
210,20240103,0.0
210,20240104,0.0
210,20240105,0.0
210,20240106,0.0
210,20240107,0.0
209,20240103,0.0
210,20240110,0.0
209,20240102,0.0
208,20240114,0.0
200,20240111,0.0
200,20240112,0.0
200,20240113,0.0
200,20240114,0.0
208,20240101,0.0
208,20240102,0.0
208,20240103,0.0
208,20240104,0.0
208,20240105,0.0
208,20240106,0.0
208,20240107,0.0
208,20240108,0.0
208,20240109,0.0
208,20240110,0.0
208,20240111,0.0
208,20240112,0.0
208,20240113,0.0
209,20240101,0.0
210,20240112,0.0
210,20240113,0.0
211,20240102,0.0
215,20240104,0.0
215,20240105,0.0
215,20240106,0.0
215,20240107,0.0
215,20240108,0.0
215,20240109,0.0
215,20240110,0.0
215,20240111,0.0
215,20240112,0.0
215,20240113,0.0
215,20240114,0.0
216,20240101,0.0
216,20240102,0.0
216,20240103,0.0
216,20240104,0.0
216,20240105,0.0
216,20240106,0.0
215,20240103,0.0
215,20240102,0.0
215,20240101,0.0
214,20240114,0.0
211,20240103,0.0
211,20240108,0.0
211,20240109,0.0
211,20240110,0.0
211,20240111,0.0
211,20240112,0.0
214,20240102,0.0
214,20240103,0.0
200,20240109,0.0
214,20240104,0.0
214,20240106,0.0
214,20240107,0.0
214,20240108,0.0
214,20240109,0.0
214,20240110,0.0
214,20240111,0.0
214,20240112,0.0
214,20240113,0.0
214,20240105,0.0
165,20240109,0.0
285,20240109,0.0
285,20240111,0.0
352,20240113,0.0
352,20240114,0.0
356,20240101,0.0
356,20240102,0.0
356,20240103,0.0
356,20240104,0.0
356,20240105,0.0
356,20240106,0.0
356,20240108,0.0
356,20240109,0.0
356,20240110,0.0
356,20240111,0.0
356,20240112,0.0
356,20240113,0.0
356,20240114,0.0
358,20240101,0.0
358,20240102,0.0
352,20240112,0.0
358,20240103,0.0
352,20240111,0.0
352,20240109,0.0
349,20240108,0.0
349,20240109,0.0
349,20240110,0.0
349,20240111,0.0
349,20240112,0.0
349,20240113,0.0
349,20240114,0.0
350,20240110,0.0
350,20240111,0.0
352,20240101,0.0
352,20240102,0.0
352,20240103,0.0
352,20240104,0.0
352,20240105,0.0
352,20240106,0.0
352,20240107,0.0
352,20240108,0.0
352,20240110,0.0
349,20240107,0.0
358,20240104,0.0
358,20240106,0.0
364,20240105,0.0
364,20240106,0.0
364,20240107,0.0
364,20240108,0.0
364,20240109,0.0
364,20240110,0.0
364,20240111,0.0
364,20240112,0.0
364,20240113,0.0
364,20240114,0.0
366,20240106,0.0
370,20240101,0.0
370,20240103,0.0
370,20240104,0.0
370,20240105,0.0
370,20240106,0.0
370,20240107,0.0
364,20240104,0.0
358,20240105,0.0
364,20240103,0.0
364,20240101,0.0
358,20240107,0.0
358,20240108,0.0
358,20240109,0.0
358,20240110,0.0
358,20240111,0.0
358,20240112,0.0
358,20240113,0.0
358,20240114,0.0
363,20240102,0.0
363,20240103,0.0
363,20240105,0.0
363,20240106,0.0
363,20240107,0.0
363,20240109,0.0
363,20240110,0.0
363,20240113,0.0
363,20240114,0.0
364,20240102,0.0
349,20240106,0.0
349,20240105,0.0
349,20240104,0.0
335,20240114,0.0
337,20240101,0.0
337,20240102,0.0
337,20240103,0.0
337,20240104,0.0
337,20240105,0.0
337,20240106,0.0
337,20240107,0.0
337,20240108,0.0
337,20240109,0.0
337,20240110,0.0
337,20240111,0.0
337,20240112,0.0
337,20240113,0.0
337,20240114,0.0
338,20240101,0.0
338,20240102,0.0
335,20240113,0.0
338,20240103,0.0
335,20240112,0.0
335,20240110,0.0
334,20240106,0.0
334,20240107,0.0
334,20240108,0.0
334,20240109,0.0
334,20240110,0.0
334,20240111,0.0
334,20240112,0.0
334,20240113,0.0
335,20240101,0.0
335,20240102,0.0
335,20240103,0.0
335,20240104,0.0
335,20240105,0.0
335,20240106,0.0
335,20240107,0.0
335,20240108,0.0
335,20240109,0.0
335,20240111,0.0
338,20240104,0.0
338,20240105,0.0
338,20240106,0.0
347,20240101,0.0
347,20240102,0.0
347,20240103,0.0
347,20240104,0.0
347,20240105,0.0
347,20240106,0.0
347,20240107,0.0
347,20240108,0.0
347,20240109,0.0
347,20240110,0.0
347,20240111,0.0
347,20240112,0.0
347,20240113,0.0
347,20240114,0.0
349,20240101,0.0
349,20240102,0.0
349,20240103,0.0
343,20240114,0.0
343,20240113,0.0
343,20240112,0.0
343,20240111,0.0
338,20240107,0.0
338,20240108,0.0
338,20240109,0.0
338,20240110,0.0
338,20240111,0.0
338,20240112,0.0
338,20240113,0.0
338,20240114,0.0
370,20240108,0.0
343,20240101,0.0
343,20240103,0.0
343,20240104,0.0
343,20240105,0.0
343,20240106,0.0
343,20240107,0.0
343,20240108,0.0
343,20240109,0.0
343,20240110,0.0
343,20240102,0.0
334,20240105,0.0
370,20240109,0.0
370,20240111,0.0
391,20240104,0.0
391,20240105,0.0
391,20240106,0.0
391,20240107,0.0
391,20240108,0.0
391,20240109,0.0
391,20240110,0.0
391,20240111,0.0
391,20240112,0.0
391,20240113,0.0
391,20240114,0.0
392,20240113,0.0
393,20240101,0.0
393,20240103,0.0
393,20240104,0.0
393,20240105,0.0
393,20240106,0.0
391,20240101,0.0
393,20240107,0.0
388,20240114,0.0
388,20240112,0.0
386,20240109,0.0
386,20240110,0.0
386,20240111,0.0
386,20240112,0.0
386,20240113,0.0
386,20240114,0.0
388,20240101,0.0
388,20240102,0.0
388,20240103,0.0
388,20240104,0.0
388,20240105,0.0
388,20240106,0.0
388,20240107,0.0
388,20240108,0.0
388,20240109,0.0
388,20240110,0.0
388,20240111,0.0
388,20240113,0.0
386,20240108,0.0
397,20240112,0.0
398,20240102,0.0
400,20240110,0.0
400,20240111,0.0
400,20240112,0.0
400,20240113,0.0
400,20240114,0.0
401,20240101,0.0
401,20240102,0.0
401,20240103,0.0
401,20240104,0.0
401,20240105,0.0
401,20240106,0.0
401,20240107,0.0
401,20240108,0.0
401,20240109,0.0
401,20240110,0.0
401,20240111,0.0
401,20240112,0.0
400,20240109,0.0
398,20240101,0.0
400,20240108,0.0
400,20240106,0.0
398,20240103,0.0
398,20240104,0.0
398,20240105,0.0
398,20240106,0.0
398,20240107,0.0
398,20240108,0.0
398,20240109,0.0
398,20240110,0.0
398,20240111,0.0
398,20240112,0.0
398,20240113,0.0
398,20240114,0.0
400,20240101,0.0
400,20240102,0.0
400,20240103,0.0
400,20240104,0.0
400,20240105,0.0
400,20240107,0.0
386,20240107,0.0
386,20240106,0.0
386,20240105,0.0
376,20240104,0.0
376,20240105,0.0
376,20240106,0.0
376,20240107,0.0
376,20240108,0.0
376,20240109,0.0
376,20240110,0.0
376,20240111,0.0
376,20240112,0.0
376,20240113,0.0
376,20240114,0.0
379,20240101,0.0
379,20240102,0.0
379,20240103,0.0
379,20240104,0.0
379,20240105,0.0
379,20240106,0.0
376,20240103,0.0
379,20240107,0.0
376,20240102,0.0
372,20240113,0.0
370,20240112,0.0
370,20240113,0.0
370,20240114,0.0
371,20240101,0.0
371,20240102,0.0
371,20240103,0.0
371,20240104,0.0
371,20240105,0.0
371,20240106,0.0
371,20240107,0.0
371,20240108,0.0
371,20240109,0.0
371,20240110,0.0
371,20240111,0.0
371,20240112,0.0
371,20240113,0.0
371,20240114,0.0
376,20240101,0.0
379,20240108,0.0
379,20240109,0.0
379,20240110,0.0
385,20240102,0.0
385,20240103,0.0
385,20240104,0.0
385,20240105,0.0
385,20240106,0.0
385,20240107,0.0
385,20240108,0.0
385,20240109,0.0
385,20240110,0.0
385,20240111,0.0
385,20240112,0.0
385,20240113,0.0
385,20240114,0.0
386,20240101,0.0
386,20240102,0.0
386,20240103,0.0
386,20240104,0.0
385,20240101,0.0
382,20240114,0.0
382,20240113,0.0
382,20240112,0.0
379,20240111,0.0
379,20240112,0.0
379,20240113,0.0
379,20240114,0.0
381,20240102,0.0
381,20240107,0.0
381,20240109,0.0
382,20240101,0.0
370,20240110,0.0
382,20240102,0.0
382,20240104,0.0
382,20240105,0.0
382,20240106,0.0
382,20240107,0.0
382,20240108,0.0
382,20240109,0.0
382,20240110,0.0
382,20240111,0.0
382,20240103,0.0
285,20240110,0.0
334,20240104,0.0
334,20240102,0.0
300,20240109,0.0
300,20240110,0.0
300,20240111,0.0
300,20240112,0.0
300,20240113,0.0
300,20240114,0.0
301,20240101,0.0
301,20240102,0.0
301,20240103,0.0
301,20240104,0.0
301,20240105,0.0
301,20240106,0.0
301,20240107,0.0
301,20240108,0.0
301,20240109,0.0
301,20240110,0.0
301,20240111,0.0
300,20240108,0.0
301,20240112,0.0
300,20240107,0.0
300,20240105,0.0
296,20240103,0.0
296,20240104,0.0
296,20240105,0.0
296,20240106,0.0
296,20240107,0.0
296,20240108,0.0
296,20240109,0.0
296,20240110,0.0
296,20240111,0.0
296,20240112,0.0
296,20240113,0.0
296,20240114,0.0
297,20240109,0.0
300,20240101,0.0
300,20240102,0.0
300,20240103,0.0
300,20240104,0.0
300,20240106,0.0
296,20240102,0.0
301,20240113,0.0
303,20240102,0.0
305,20240110,0.0
305,20240111,0.0
305,20240112,0.0
305,20240113,0.0
305,20240114,0.0
310,20240101,0.0
310,20240102,0.0
310,20240103,0.0
310,20240104,0.0
310,20240105,0.0
310,20240106,0.0
310,20240107,0.0
310,20240108,0.0
310,20240109,0.0
310,20240110,0.0
310,20240111,0.0
310,20240112,0.0
305,20240109,0.0
303,20240101,0.0
305,20240108,0.0
305,20240106,0.0
303,20240103,0.0
303,20240104,0.0
303,20240105,0.0
303,20240106,0.0
303,20240107,0.0
303,20240108,0.0
303,20240109,0.0
303,20240110,0.0
303,20240111,0.0
303,20240112,0.0
303,20240113,0.0
303,20240114,0.0
305,20240101,0.0
305,20240102,0.0
305,20240103,0.0
305,20240104,0.0
305,20240105,0.0
305,20240107,0.0
296,20240101,0.0
294,20240114,0.0
294,20240113,0.0
288,20240105,0.0
288,20240106,0.0
288,20240107,0.0
288,20240108,0.0
288,20240109,0.0
288,20240110,0.0
289,20240101,0.0
289,20240102,0.0
289,20240103,0.0
289,20240104,0.0
289,20240105,0.0
289,20240106,0.0
289,20240107,0.0
289,20240108,0.0
289,20240109,0.0
289,20240110,0.0
289,20240111,0.0
288,20240104,0.0
289,20240112,0.0
288,20240103,0.0
288,20240101,0.0
285,20240112,0.0
285,20240113,0.0
285,20240114,0.0
287,20240101,0.0
287,20240102,0.0
287,20240103,0.0
287,20240104,0.0
287,20240105,0.0
287,20240106,0.0
287,20240107,0.0
287,20240108,0.0
287,20240109,0.0
287,20240110,0.0
287,20240111,0.0
287,20240112,0.0
287,20240113,0.0
287,20240114,0.0
288,20240102,0.0
289,20240113,0.0
289,20240114,0.0
290,20240101,0.0
292,20240110,0.0
292,20240111,0.0
292,20240112,0.0
292,20240113,0.0
292,20240114,0.0
294,20240101,0.0
294,20240102,0.0
294,20240103,0.0
294,20240104,0.0
294,20240105,0.0
294,20240106,0.0
294,20240107,0.0
294,20240108,0.0
294,20240109,0.0
294,20240110,0.0
294,20240111,0.0
294,20240112,0.0
292,20240109,0.0
292,20240108,0.0
292,20240107,0.0
292,20240106,0.0
290,20240102,0.0
290,20240103,0.0
290,20240104,0.0
290,20240105,0.0
290,20240106,0.0
290,20240107,0.0
290,20240108,0.0
290,20240109,0.0
310,20240113,0.0
290,20240110,0.0
290,20240112,0.0
290,20240113,0.0
290,20240114,0.0
292,20240101,0.0
292,20240102,0.0
292,20240103,0.0
292,20240104,0.0
292,20240105,0.0
290,20240111,0.0
334,20240103,0.0
310,20240114,0.0
312,20240102,0.0
326,20240110,0.0
326,20240111,0.0
326,20240112,0.0
326,20240113,0.0
326,20240114,0.0
328,20240104,0.0
328,20240105,0.0
328,20240106,0.0
328,20240107,0.0
328,20240108,0.0
328,20240109,0.0
328,20240110,0.0
328,20240111,0.0
328,20240112,0.0
328,20240113,0.0
328,20240114,0.0
331,20240101,0.0
326,20240109,0.0
331,20240102,0.0
326,20240108,0.0
326,20240106,0.0
325,20240103,0.0
325,20240104,0.0
325,20240105,0.0
325,20240106,0.0
325,20240107,0.0
325,20240108,0.0
325,20240109,0.0
325,20240110,0.0
325,20240111,0.0
325,20240112,0.0
325,20240113,0.0
325,20240114,0.0
326,20240101,0.0
326,20240102,0.0
326,20240103,0.0
326,20240104,0.0
326,20240105,0.0
326,20240107,0.0
325,20240102,0.0
331,20240103,0.0
331,20240105,0.0
332,20240113,0.0
332,20240114,0.0
333,20240101,0.0
333,20240102,0.0
333,20240103,0.0
333,20240104,0.0
333,20240105,0.0
333,20240106,0.0
333,20240107,0.0
333,20240108,0.0
333,20240109,0.0
333,20240110,0.0
333,20240111,0.0
333,20240112,0.0
333,20240113,0.0
333,20240114,0.0
334,20240101,0.0
332,20240112,0.0
331,20240104,0.0
332,20240111,0.0
332,20240109,0.0
331,20240106,0.0
331,20240107,0.0
331,20240108,0.0
331,20240109,0.0
331,20240110,0.0
331,20240111,0.0
331,20240112,0.0
331,20240113,0.0
331,20240114,0.0
332,20240101,0.0
332,20240102,0.0
332,20240103,0.0
332,20240104,0.0
332,20240105,0.0
332,20240106,0.0
332,20240107,0.0
332,20240108,0.0
332,20240110,0.0
325,20240101,0.0
323,20240114,0.0
323,20240113,0.0
313,20240110,0.0
313,20240111,0.0
313,20240112,0.0
313,20240113,0.0
313,20240114,0.0
314,20240110,0.0
318,20240101,0.0
318,20240102,0.0
318,20240103,0.0
318,20240104,0.0
318,20240105,0.0
318,20240106,0.0
318,20240107,0.0
318,20240108,0.0
318,20240109,0.0
318,20240110,0.0
318,20240111,0.0
313,20240109,0.0
318,20240112,0.0
313,20240108,0.0
313,20240106,0.0
312,20240103,0.0
312,20240104,0.0
312,20240105,0.0
312,20240106,0.0
312,20240107,0.0
312,20240108,0.0
312,20240109,0.0
312,20240110,0.0
312,20240111,0.0
312,20240112,0.0
312,20240113,0.0
312,20240114,0.0
313,20240101,0.0
313,20240102,0.0
313,20240103,0.0
313,20240104,0.0
313,20240105,0.0
313,20240107,0.0
318,20240113,0.0
318,20240114,0.0
319,20240101,0.0
321,20240110,0.0
321,20240111,0.0
321,20240112,0.0
321,20240113,0.0
321,20240114,0.0
323,20240101,0.0
323,20240102,0.0
323,20240103,0.0
323,20240104,0.0
323,20240105,0.0
323,20240106,0.0
323,20240107,0.0
323,20240108,0.0
323,20240109,0.0
323,20240110,0.0
323,20240111,0.0
323,20240112,0.0
321,20240109,0.0
321,20240108,0.0
321,20240107,0.0
321,20240106,0.0
319,20240102,0.0
319,20240103,0.0
319,20240104,0.0
319,20240105,0.0
319,20240106,0.0
319,20240107,0.0
319,20240108,0.0
319,20240109,0.0
312,20240101,0.0
319,20240110,0.0
319,20240112,0.0
319,20240113,0.0
319,20240114,0.0
321,20240101,0.0
321,20240102,0.0
321,20240103,0.0
321,20240104,0.0
321,20240105,0.0
319,20240111,0.0
165,20240108,0.0
401,20240114,0.0
20,20240106,0.0
12,20240110,0.0
12,20240111,0.0
12,20240112,0.0
12,20240113,0.0
12,20240114,0.0
110,20240112,0.0
86,20240102,0.0
86,20240103,0.0
86,20240104,0.0
86,20240105,0.0
86,20240106,0.0
77,20240102,0.0
77,20240101,0.0
57,20240114,0.0
58,20240101,0.0
110,20240103,0.0
58,20240102,0.0
58,20240103,0.0
58,20240104,0.0
58,20240105,0.0
58,20240106,0.0
58,20240107,0.0
58,20240108,0.0
12,20240109,0.0
58,20240109,0.0
12,20240108,0.0
12,20240106,0.0
115,20240101,0.0
56,20240103,0.0
56,20240104,0.0
56,20240105,0.0
12,20240101,0.0
12,20240102,0.0
12,20240103,0.0
56,20240106,0.0
56,20240107,0.0
56,20240108,0.0
56,20240109,0.0
56,20240110,0.0
56,20240111,0.0
56,20240112,0.0
56,20240113,0.0
56,20240114,0.0
77,20240106,0.0
77,20240105,0.0
77,20240104,0.0
77,20240103,0.0
86,20240101,0.0
12,20240104,0.0
12,20240105,0.0
12,20240107,0.0
115,20240102,0.0
109,20240108,0.0
109,20240106,0.0
105,20240106,0.0
105,20240105,0.0
105,20240104,0.0
105,20240103,0.0
105,20240102,0.0
105,20240101,0.0
73,20240108,0.0
73,20240107,0.0
73,20240106,0.0
73,20240105,0.0
73,20240104,0.0
73,20240103,0.0
73,20240102,0.0
73,20240101,0.0
71,20240114,0.0
71,20240113,0.0
71,20240112,0.0
71,20240111,0.0
71,20240110,0.0
71,20240109,0.0
71,20240108,0.0
86,20240112,0.0
86,20240113,0.0
105,20240107,0.0
109,20240107,0.0
105,20240108,0.0
73,20240109,0.0
109,20240105,0.0
109,20240104,0.0
58,20240110,0.0
109,20240102,0.0
109,20240101,0.0
58,20240111,0.0
58,20240112,0.0
58,20240113,0.0
58,20240114,0.0
73,20240114,0.0
73,20240113,0.0
86,20240107,0.0
73,20240112,0.0
73,20240111,0.0
86,20240108,0.0
86,20240109,0.0
86,20240110,0.0
73,20240110,0.0
86,20240111,0.0
105,20240114,0.0
105,20240113,0.0
105,20240112,0.0
105,20240111,0.0
105,20240109,0.0
115,20240103,0.0
115,20240104,0.0
115,20240105,0.0
119,20240103,0.0
119,20240102,0.0
119,20240101,0.0
118,20240114,0.0
118,20240113,0.0
51,20240106,0.0
51,20240107,0.0
51,20240108,0.0
51,20240109,0.0
51,20240110,0.0
51,20240111,0.0
51,20240112,0.0
51,20240113,0.0
51,20240114,0.0
79,20240114,0.0
79,20240113,0.0
79,20240112,0.0
79,20240111,0.0
79,20240110,0.0
118,20240112,0.0
118,20240111,0.0
118,20240110,0.0
118,20240109,0.0
119,20240104,0.0
118,20240108,0.0
119,20240105,0.0
119,20240107,0.0
120,20240103,0.0
120,20240102,0.0
120,20240101,0.0
119,20240114,0.0
8,20240113,0.0
8,20240114,0.0
50,20240109,0.0
50,20240110,0.0
50,20240111,0.0
50,20240112,0.0
50,20240113,0.0
50,20240114,0.0
51,20240101,0.0
51,20240102,0.0
51,20240103,0.0
51,20240104,0.0
51,20240105,0.0
119,20240113,0.0
119,20240112,0.0
119,20240111,0.0
119,20240110,0.0
119,20240109,0.0
119,20240108,0.0
119,20240106,0.0
118,20240107,0.0
118,20240106,0.0
118,20240105,0.0
116,20240104,0.0
116,20240103,0.0
116,20240102,0.0
116,20240101,0.0
115,20240114,0.0
115,20240113,0.0
56,20240102,0.0
115,20240112,0.0
115,20240111,0.0
115,20240110,0.0
115,20240109,0.0
79,20240101,0.0
77,20240114,0.0
77,20240113,0.0
77,20240112,0.0
77,20240111,0.0
77,20240110,0.0
77,20240109,0.0
77,20240108,0.0
77,20240107,0.0
115,20240108,0.0
115,20240107,0.0
115,20240106,0.0
116,20240105,0.0
116,20240106,0.0
116,20240107,0.0
116,20240108,0.0
118,20240104,0.0
118,20240103,0.0
118,20240102,0.0
118,20240101,0.0
79,20240109,0.0
79,20240108,0.0
79,20240107,0.0
20,20240104,0.0
20,20240103,0.0
20,20240102,0.0
79,20240106,0.0
59,20240103,0.0
80,20240114,0.0
56,20240101,0.0
79,20240104,0.0
20,20240101,0.0
79,20240103,0.0
79,20240102,0.0
116,20240114,0.0
116,20240113,0.0
116,20240112,0.0
116,20240111,0.0
116,20240110,0.0
116,20240109,0.0
79,20240105,0.0
120,20240104,0.0
14,20240104,0.0
86,20240114,0.0
67,20240110,0.0
67,20240111,0.0
67,20240112,0.0
67,20240113,0.0
67,20240114,0.0
68,20240101,0.0
68,20240102,0.0
68,20240103,0.0
68,20240104,0.0
68,20240105,0.0
68,20240106,0.0
68,20240107,0.0
68,20240108,0.0
68,20240109,0.0
68,20240110,0.0
68,20240111,0.0
68,20240112,0.0
68,20240113,0.0
68,20240114,0.0
69,20240101,0.0
69,20240102,0.0
69,20240103,0.0
69,20240104,0.0
67,20240109,0.0
69,20240105,0.0
17,20240109,0.0
67,20240107,0.0
67,20240104,0.0
67,20240105,0.0
67,20240106,0.0
16,20240112,0.0
16,20240113,0.0
16,20240114,0.0
17,20240101,0.0
17,20240102,0.0
17,20240103,0.0
17,20240104,0.0
17,20240105,0.0
17,20240106,0.0
17,20240107,0.0
98,20240108,0.0
98,20240107,0.0
98,20240106,0.0
98,20240105,0.0
98,20240104,0.0
98,20240103,0.0
98,20240102,0.0
98,20240101,0.0
97,20240114,0.0
17,20240108,0.0
67,20240108,0.0
67,20240103,0.0
69,20240106,0.0
69,20240108,0.0
17,20240110,0.0
17,20240111,0.0
17,20240112,0.0
17,20240113,0.0
17,20240114,0.0
18,20240101,0.0
70,20240104,0.0
70,20240105,0.0
70,20240106,0.0
70,20240107,0.0
18,20240106,0.0
18,20240107,0.0
70,20240108,0.0
70,20240109,0.0
89,20240114,0.0
89,20240113,0.0
89,20240112,0.0
89,20240111,0.0
89,20240110,0.0
89,20240109,0.0
89,20240108,0.0
89,20240107,0.0
89,20240106,0.0
94,20240101,0.0
69,20240107,0.0
94,20240102,0.0
94,20240104,0.0
69,20240109,0.0
69,20240110,0.0
69,20240111,0.0
69,20240112,0.0
69,20240113,0.0
69,20240114,0.0
70,20240101,0.0
70,20240102,0.0
88,20240114,0.0
89,20240101,0.0
89,20240102,0.0
89,20240103,0.0
70,20240103,0.0
94,20240114,0.0
94,20240113,0.0
94,20240112,0.0
94,20240111,0.0
94,20240110,0.0
94,20240109,0.0
94,20240108,0.0
94,20240107,0.0
94,20240106,0.0
94,20240105,0.0
94,20240103,0.0
16,20240110,0.0
16,20240109,0.0
20,20240114,0.0
60,20240111,0.0
60,20240112,0.0
60,20240113,0.0
60,20240114,0.0
70,20240114,0.0
70,20240113,0.0
70,20240112,0.0
18,20240113,0.0
18,20240112,0.0
70,20240111,0.0
70,20240110,0.0
88,20240101,0.0
88,20240102,0.0
88,20240103,0.0
88,20240104,0.0
88,20240105,0.0
88,20240106,0.0
88,20240107,0.0
88,20240108,0.0
63,20240101,0.0
63,20240102,0.0
63,20240103,0.0
63,20240106,0.0
60,20240110,0.0
63,20240107,0.0
60,20240109,0.0
14,20240114,0.0
71,20240107,0.0
71,20240106,0.0
71,20240105,0.0
71,20240104,0.0
14,20240106,0.0
59,20240110,0.0
71,20240103,0.0
71,20240102,0.0
14,20240107,0.0
71,20240101,0.0
60,20240101,0.0
60,20240102,0.0
60,20240103,0.0
60,20240104,0.0
60,20240105,0.0
60,20240106,0.0
14,20240108,0.0
60,20240107,0.0
14,20240109,0.0
14,20240110,0.0
14,20240111,0.0
14,20240112,0.0
14,20240113,0.0
60,20240108,0.0
63,20240108,0.0
16,20240103,0.0
16,20240104,0.0
65,20240113,0.0
65,20240114,0.0
66,20240101,0.0
66,20240102,0.0
66,20240103,0.0
66,20240104,0.0
66,20240105,0.0
66,20240106,0.0
66,20240107,0.0
66,20240108,0.0
66,20240109,0.0
66,20240110,0.0
66,20240111,0.0
66,20240112,0.0
66,20240113,0.0
66,20240114,0.0
67,20240101,0.0
67,20240102,0.0
98,20240109,0.0
88,20240110,0.0
88,20240111,0.0
88,20240112,0.0
88,20240113,0.0
65,20240112,0.0
98,20240110,0.0
65,20240111,0.0
65,20240110,0.0
16,20240105,0.0
16,20240106,0.0
16,20240107,0.0
16,20240108,0.0
63,20240109,0.0
63,20240110,0.0
63,20240111,0.0
63,20240112,0.0
63,20240113,0.0
63,20240114,0.0
65,20240101,0.0
14,20240105,0.0
98,20240114,0.0
98,20240112,0.0
88,20240109,0.0
65,20240102,0.0
65,20240103,0.0
65,20240104,0.0
65,20240105,0.0
65,20240106,0.0
98,20240111,0.0
65,20240107,0.0
65,20240108,0.0
65,20240109,0.0
98,20240113,0.0
120,20240105,0.0
120,20240106,0.0
120,20240107,0.0
33,20240101,0.0
33,20240102,0.0
33,20240103,0.0
33,20240104,0.0
33,20240105,0.0
33,20240106,0.0
33,20240107,0.0
33,20240108,0.0
33,20240109,0.0
33,20240110,0.0
33,20240111,0.0
33,20240112,0.0
33,20240113,0.0
33,20240114,0.0
34,20240101,0.0
34,20240103,0.0
23,20240103,0.0
23,20240102,0.0
35,20240107,0.0
149,20240111,0.0
23,20240101,0.0
83,20240101,0.0
83,20240102,0.0
31,20240114,0.0
149,20240110,0.0
31,20240113,0.0
31,20240111,0.0
30,20240110,0.0
3,20240105,0.0
30,20240111,0.0
3,20240107,0.0
30,20240112,0.0
30,20240113,0.0
3,20240110,0.0
30,20240114,0.0
150,20240114,0.0
150,20240113,0.0
150,20240112,0.0
150,20240111,0.0
150,20240110,0.0
31,20240101,0.0
31,20240102,0.0
31,20240103,0.0
31,20240104,0.0
31,20240105,0.0
31,20240106,0.0
31,20240107,0.0
31,20240108,0.0
31,20240109,0.0
31,20240110,0.0
31,20240112,0.0
30,20240109,0.0
83,20240103,0.0
83,20240105,0.0
40,20240114,0.0
41,20240101,0.0
41,20240102,0.0
41,20240103,0.0
41,20240104,0.0
41,20240105,0.0
41,20240106,0.0
41,20240107,0.0
41,20240108,0.0
41,20240109,0.0
41,20240110,0.0
41,20240111,0.0
41,20240112,0.0
41,20240113,0.0
41,20240114,0.0
42,20240101,0.0
42,20240102,0.0
42,20240103,0.0
42,20240104,0.0
42,20240105,0.0
42,20240106,0.0
144,20240114,0.0
144,20240113,0.0
40,20240113,0.0
83,20240104,0.0
40,20240112,0.0
40,20240110,0.0
40,20240101,0.0
40,20240102,0.0
40,20240103,0.0
40,20240104,0.0
40,20240105,0.0
40,20240106,0.0
148,20240114,0.0
148,20240113,0.0
148,20240112,0.0
148,20240111,0.0
148,20240110,0.0
148,20240109,0.0
148,20240108,0.0
148,20240107,0.0
148,20240106,0.0
148,20240105,0.0
148,20240104,0.0
148,20240103,0.0
148,20240102,0.0
148,20240101,0.0
40,20240107,0.0
40,20240108,0.0
40,20240109,0.0
40,20240111,0.0
30,20240108,0.0
30,20240107,0.0
3,20240101,0.0
24,20240114,0.0
25,20240101,0.0
25,20240102,0.0
25,20240103,0.0
25,20240104,0.0
25,20240105,0.0
165,20240102,0.0
165,20240101,0.0
162,20240114,0.0
162,20240113,0.0
162,20240112,0.0
162,20240111,0.0
162,20240110,0.0
162,20240109,0.0
162,20240108,0.0
162,20240107,0.0
162,20240106,0.0
162,20240105,0.0
162,20240104,0.0
162,20240103,0.0
162,20240102,0.0
162,20240101,0.0
25,20240107,0.0
24,20240113,0.0
25,20240108,0.0
24,20240112,0.0
24,20240110,0.0
165,20240105,0.0
23,20240104,0.0
165,20240104,0.0
165,20240103,0.0
23,20240105,0.0
23,20240106,0.0
23,20240107,0.0
23,20240108,0.0
23,20240109,0.0
23,20240110,0.0
23,20240111,0.0
23,20240112,0.0
23,20240113,0.0
23,20240114,0.0
24,20240101,0.0
24,20240102,0.0
24,20240103,0.0
24,20240104,0.0
24,20240105,0.0
24,20240106,0.0
24,20240107,0.0
24,20240108,0.0
24,20240109,0.0
24,20240111,0.0
25,20240109,0.0
25,20240110,0.0
25,20240111,0.0
28,20240112,0.0
28,20240113,0.0
28,20240114,0.0
30,20240101,0.0
30,20240102,0.0
30,20240103,0.0
30,20240104,0.0
30,20240105,0.0
20,20240107,0.0
20,20240108,0.0
20,20240109,0.0
20,20240110,0.0
20,20240111,0.0
80,20240113,0.0
20,20240112,0.0
20,20240113,0.0
80,20240112,0.0
80,20240111,0.0
80,20240110,0.0
80,20240109,0.0
80,20240108,0.0
80,20240107,0.0
30,20240106,0.0
28,20240111,0.0
28,20240110,0.0
28,20240109,0.0
157,20240101,0.0
25,20240112,0.0
25,20240113,0.0
25,20240114,0.0
28,20240101,0.0
28,20240102,0.0
28,20240103,0.0
28,20240104,0.0
28,20240105,0.0
28,20240106,0.0
28,20240107,0.0
28,20240108,0.0
144,20240112,0.0
157,20240114,0.0
157,20240112,0.0
157,20240111,0.0
157,20240110,0.0
157,20240109,0.0
157,20240108,0.0
157,20240107,0.0
157,20240106,0.0
157,20240105,0.0
157,20240104,0.0
157,20240103,0.0
157,20240102,0.0
157,20240113,0.0
144,20240111,0.0
42,20240107,0.0
42,20240108,0.0
131,20240106,0.0
8,20240107,0.0
47,20240106,0.0
131,20240105,0.0
131,20240104,0.0
47,20240107,0.0
8,20240108,0.0
8,20240109,0.0
8,20240110,0.0
131,20240103,0.0
131,20240102,0.0
131,20240101,0.0
129,20240114,0.0
129,20240113,0.0
8,20240111,0.0
8,20240112,0.0
47,20240108,0.0
129,20240112,0.0
129,20240111,0.0
129,20240110,0.0
129,20240109,0.0
129,20240108,0.0
129,20240107,0.0
131,20240107,0.0
129,20240106,0.0
8,20240106,0.0
8,20240105,0.0
134,20240101,0.0
132,20240114,0.0
132,20240113,0.0
132,20240112,0.0
132,20240111,0.0
132,20240110,0.0
132,20240109,0.0
44,20240112,0.0
132,20240107,0.0
132,20240106,0.0
44,20240113,0.0
44,20240114,0.0
47,20240101,0.0
47,20240102,0.0
47,20240103,0.0
131,20240114,0.0
47,20240104,0.0
131,20240113,0.0
131,20240112,0.0
131,20240111,0.0
131,20240110,0.0
131,20240109,0.0
47,20240105,0.0
131,20240108,0.0
129,20240105,0.0
129,20240104,0.0
129,20240103,0.0
125,20240102,0.0
125,20240101,0.0
47,20240109,0.0
47,20240110,0.0
47,20240111,0.0
47,20240112,0.0
47,20240113,0.0
47,20240114,0.0
50,20240101,0.0
50,20240102,0.0
50,20240103,0.0
50,20240104,0.0
50,20240105,0.0
50,20240106,0.0
50,20240107,0.0
50,20240108,0.0
120,20240114,0.0
120,20240113,0.0
120,20240112,0.0
120,20240111,0.0
120,20240110,0.0
120,20240109,0.0
120,20240108,0.0
125,20240103,0.0
125,20240104,0.0
125,20240105,0.0
125,20240106,0.0
129,20240102,0.0
129,20240101,0.0
128,20240114,0.0
128,20240113,0.0
128,20240112,0.0
128,20240111,0.0
128,20240110,0.0
128,20240109,0.0
128,20240108,0.0
128,20240107,0.0
128,20240106,0.0
134,20240102,0.0
128,20240105,0.0
128,20240103,0.0
128,20240102,0.0
128,20240101,0.0
125,20240114,0.0
125,20240113,0.0
125,20240112,0.0
125,20240111,0.0
125,20240110,0.0
125,20240109,0.0
125,20240108,0.0
125,20240107,0.0
128,20240104,0.0
89,20240105,0.0
134,20240103,0.0
134,20240105,0.0
5,20240106,0.0
42,20240114,0.0
5,20240107,0.0
83,20240106,0.0
83,20240107,0.0
83,20240108,0.0
83,20240109,0.0
83,20240110,0.0
83,20240111,0.0
83,20240112,0.0
83,20240113,0.0
83,20240114,0.0
80,20240106,0.0
140,20240114,0.0
140,20240113,0.0
140,20240112,0.0
140,20240111,0.0
140,20240110,0.0
140,20240109,0.0
140,20240108,0.0
140,20240107,0.0
140,20240106,0.0
140,20240105,0.0
42,20240113,0.0
140,20240104,0.0
141,20240101,0.0
141,20240103,0.0
42,20240109,0.0
42,20240110,0.0
5,20240101,0.0
144,20240105,0.0
5,20240102,0.0
144,20240103,0.0
5,20240103,0.0
144,20240101,0.0
141,20240114,0.0
141,20240113,0.0
141,20240112,0.0
141,20240111,0.0
141,20240110,0.0
141,20240109,0.0
141,20240108,0.0
141,20240107,0.0
141,20240106,0.0
141,20240105,0.0
141,20240104,0.0
42,20240111,0.0
5,20240104,0.0
42,20240112,0.0
5,20240105,0.0
141,20240102,0.0
140,20240103,0.0
140,20240102,0.0
140,20240101,0.0
44,20240101,0.0
44,20240102,0.0
44,20240103,0.0
44,20240104,0.0
44,20240105,0.0
44,20240106,0.0
8,20240102,0.0
44,20240107,0.0
8,20240103,0.0
44,20240108,0.0
8,20240104,0.0
44,20240109,0.0
44,20240110,0.0
44,20240111,0.0
134,20240114,0.0
134,20240113,0.0
134,20240112,0.0
134,20240111,0.0
134,20240110,0.0
134,20240109,0.0
134,20240108,0.0
134,20240107,0.0
134,20240106,0.0
8,20240101,0.0
5,20240114,0.0
5,20240113,0.0
5,20240112,0.0
136,20240114,0.0
136,20240113,0.0
136,20240112,0.0
136,20240111,0.0
136,20240110,0.0
136,20240109,0.0
136,20240108,0.0
136,20240107,0.0
136,20240106,0.0
136,20240105,0.0
136,20240104,0.0
134,20240104,0.0
136,20240103,0.0
136,20240101,0.0
80,20240105,0.0
80,20240104,0.0
80,20240103,0.0
20,20240105,0.0
80,20240102,0.0
80,20240101,0.0
5,20240108,0.0
5,20240109,0.0
5,20240110,0.0
5,20240111,0.0
136,20240102,0.0
89,20240104,0.0
2,20240101,0.01
288,20240112,0.01
43,20240113,0.01
55,20240101,0.01
55,20240102,0.01
55,20240103,0.01
55,20240104,0.01
55,20240105,0.01
55,20240106,0.01
55,20240107,0.01
55,20240108,0.01
55,20240109,0.01
55,20240110,0.01
55,20240111,0.01
55,20240112,0.01
55,20240114,0.01
22,20240109,0.01
22,20240108,0.01
22,20240107,0.01
22,20240106,0.01
22,20240105,0.01
357,20240101,0.01
357,20240102,0.01
357,20240103,0.01
357,20240104,0.01
357,20240105,0.01
357,20240106,0.01
357,20240107,0.01
357,20240108,0.01
357,20240109,0.01
357,20240110,0.01
43,20240112,0.01
43,20240111,0.01
43,20240110,0.01
43,20240109,0.01
340,20240114,0.01
340,20240113,0.01
340,20240112,0.01
340,20240111,0.01
340,20240110,0.01
340,20240109,0.01
340,20240108,0.01
340,20240107,0.01
340,20240106,0.01
340,20240105,0.01
340,20240104,0.01
340,20240103,0.01
340,20240102,0.01
340,20240101,0.01
357,20240111,0.01
22,20240114,0.01
22,20240112,0.01
22,20240111,0.01
22,20240110,0.01
43,20240101,0.01
328,20240103,0.01
328,20240102,0.01
328,20240101,0.01
43,20240102,0.01
43,20240103,0.01
43,20240104,0.01
43,20240105,0.01
43,20240106,0.01
43,20240107,0.01
43,20240108,0.01
22,20240113,0.01
57,20240104,0.01
357,20240112,0.01
57,20240106,0.01
361,20240106,0.01
361,20240107,0.01
361,20240108,0.01
361,20240109,0.01
361,20240110,0.01
361,20240112,0.01
361,20240113,0.01
361,20240114,0.01
61,20240101,0.01
61,20240102,0.01
301,20240114,0.01
61,20240103,0.01
61,20240104,0.01
61,20240105,0.01
306,20240101,0.01
61,20240106,0.01
61,20240108,0.01
61,20240109,0.01
61,20240110,0.01
61,20240111,0.01
61,20240112,0.01
61,20240113,0.01
61,20240114,0.01
297,20240113,0.01
21,20240104,0.01
21,20240103,0.01
21,20240102,0.01
21,20240101,0.01
288,20240114,0.01
288,20240113,0.01
61,20240107,0.01
288,20240111,0.01
306,20240102,0.01
306,20240104,0.01
357,20240113,0.01
57,20240108,0.01
357,20240114,0.01
22,20240104,0.01
22,20240103,0.01
22,20240102,0.01
22,20240101,0.01
21,20240114,0.01
21,20240113,0.01
21,20240112,0.01
21,20240111,0.01
21,20240110,0.01
21,20240109,0.01
21,20240108,0.01
306,20240103,0.01
21,20240107,0.01
21,20240105,0.01
361,20240101,0.01
361,20240103,0.01
361,20240105,0.01
306,20240114,0.01
306,20240113,0.01
306,20240112,0.01
306,20240111,0.01
306,20240110,0.01
306,20240109,0.01
306,20240108,0.01
306,20240107,0.01
306,20240106,0.01
306,20240105,0.01
21,20240106,0.01
55,20240113,0.01
255,20240109,0.01
82,20240102,0.01
108,20240102,0.01
108,20240101,0.01
13,20240113,0.01
13,20240114,0.01
392,20240114,0.01
14,20240101,0.01
14,20240102,0.01
14,20240103,0.01
146,20240101,0.01
108,20240103,0.01
146,20240102,0.01
146,20240104,0.01
146,20240105,0.01
146,20240106,0.01
146,20240107,0.01
146,20240108,0.01
146,20240109,0.01
146,20240110,0.01
146,20240111,0.01
146,20240112,0.01
146,20240103,0.01
146,20240113,0.01
108,20240104,0.01
108,20240106,0.01
13,20240106,0.01
13,20240107,0.01
13,20240108,0.01
13,20240109,0.01
13,20240110,0.01
109,20240114,0.01
109,20240113,0.01
109,20240112,0.01
392,20240112,0.01
108,20240105,0.01
13,20240111,0.01
13,20240112,0.01
108,20240114,0.01
108,20240113,0.01
108,20240112,0.01
108,20240111,0.01
108,20240110,0.01
108,20240109,0.01
108,20240108,0.01
108,20240107,0.01
196,20240105,0.01
146,20240114,0.01
149,20240103,0.01
149,20240104,0.01
244,20240112,0.01
4,20240104,0.01
4,20240103,0.01
102,20240112,0.01
102,20240111,0.01
4,20240102,0.01
4,20240101,0.01
183,20240114,0.01
183,20240113,0.01
244,20240111,0.01
102,20240106,0.01
102,20240104,0.01
102,20240103,0.01
183,20240111,0.01
183,20240110,0.01
183,20240107,0.01
183,20240106,0.01
183,20240105,0.01
183,20240104,0.01
206,20240114,0.01
102,20240105,0.01
244,20240110,0.01
4,20240105,0.01
244,20240108,0.01
4,20240114,0.01
4,20240113,0.01
4,20240112,0.01
242,20240109,0.01
242,20240110,0.01
4,20240111,0.01
102,20240114,0.01
4,20240110,0.01
102,20240113,0.01
243,20240101,0.01
4,20240109,0.01
4,20240108,0.01
381,20240103,0.01
381,20240101,0.01
4,20240107,0.01
244,20240102,0.01
244,20240103,0.01
244,20240104,0.01
4,20240106,0.01
244,20240106,0.01
244,20240107,0.01
196,20240107,0.01
183,20240101,0.01
392,20240111,0.01
392,20240110,0.01
123,20240101,0.01
10,20240101,0.01
206,20240104,0.01
10,20240103,0.01
206,20240103,0.01
10,20240105,0.01
10,20240106,0.01
10,20240107,0.01
10,20240108,0.01
123,20240102,0.01
206,20240102,0.01
10,20240111,0.01
223,20240101,0.01
223,20240102,0.01
223,20240103,0.01
223,20240104,0.01
223,20240105,0.01
223,20240106,0.01
223,20240107,0.01
223,20240108,0.01
10,20240110,0.01
223,20240109,0.01
123,20240103,0.01
123,20240105,0.01
132,20240108,0.01
132,20240105,0.01
132,20240104,0.01
132,20240103,0.01
132,20240102,0.01
132,20240101,0.01
206,20240112,0.01
206,20240110,0.01
206,20240108,0.01
123,20240104,0.01
206,20240106,0.01
123,20240114,0.01
123,20240113,0.01
123,20240112,0.01
123,20240111,0.01
123,20240110,0.01
123,20240109,0.01
123,20240108,0.01
123,20240107,0.01
123,20240106,0.01
206,20240105,0.01
223,20240110,0.01
223,20240111,0.01
223,20240112,0.01
228,20240114,0.01
10,20240112,0.01
10,20240113,0.01
10,20240114,0.01
206,20240101,0.01
233,20240103,0.01
392,20240101,0.01
82,20240101,0.01
392,20240102,0.01
228,20240113,0.01
392,20240103,0.01
392,20240105,0.01
233,20240110,0.01
392,20240106,0.01
233,20240112,0.01
392,20240107,0.01
196,20240113,0.01
392,20240108,0.01
392,20240109,0.01
196,20240110,0.01
392,20240104,0.01
228,20240112,0.01
228,20240111,0.01
228,20240110,0.01
223,20240113,0.01
223,20240114,0.01
117,20240114,0.01
117,20240113,0.01
117,20240112,0.01
117,20240111,0.01
117,20240110,0.01
117,20240109,0.01
117,20240108,0.01
117,20240107,0.01
117,20240106,0.01
117,20240105,0.01
117,20240104,0.01
117,20240103,0.01
117,20240102,0.01
117,20240101,0.01
228,20240101,0.01
228,20240106,0.01
228,20240107,0.01
228,20240108,0.01
228,20240109,0.01
235,20240102,0.01
150,20240101,0.01
183,20240103,0.01
150,20240103,0.01
19,20240106,0.01
19,20240107,0.01
166,20240105,0.01
19,20240108,0.01
271,20240101,0.01
271,20240102,0.01
271,20240103,0.01
271,20240104,0.01
271,20240105,0.01
271,20240106,0.01
271,20240107,0.01
271,20240108,0.01
271,20240109,0.01
166,20240104,0.01
166,20240103,0.01
166,20240102,0.01
366,20240111,0.01
366,20240110,0.01
166,20240101,0.01
19,20240105,0.01
366,20240108,0.01
19,20240104,0.01
19,20240102,0.01
255,20240112,0.01
255,20240113,0.01
255,20240114,0.01
372,20240109,0.01
150,20240102,0.01
372,20240108,0.01
372,20240107,0.01
166,20240114,0.01
166,20240113,0.01
372,20240103,0.01
372,20240101,0.01
166,20240112,0.01
166,20240111,0.01
166,20240110,0.01
166,20240109,0.01
166,20240108,0.01
166,20240107,0.01
166,20240106,0.01
19,20240101,0.01
19,20240103,0.01
366,20240107,0.01
19,20240109,0.01
2,20240103,0.01
276,20240106,0.01
276,20240107,0.01
276,20240108,0.01
276,20240109,0.01
276,20240110,0.01
84,20240103,0.01
84,20240101,0.01
82,20240114,0.01
82,20240113,0.01
82,20240112,0.01
82,20240111,0.01
82,20240110,0.01
82,20240109,0.01
82,20240108,0.01
82,20240107,0.01
82,20240106,0.01
82,20240105,0.01
82,20240104,0.01
82,20240103,0.01
276,20240105,0.01
84,20240106,0.01
276,20240103,0.01
276,20240102,0.01
366,20240104,0.01
366,20240103,0.01
366,20240102,0.01
366,20240101,0.01
2,20240102,0.01
19,20240110,0.01
84,20240111,0.01
19,20240111,0.01
84,20240108,0.01
255,20240111,0.01
274,20240101,0.01
274,20240103,0.01
274,20240104,0.01
274,20240105,0.01
19,20240113,0.01
19,20240114,0.01
274,20240109,0.01
274,20240110,0.01
274,20240111,0.01
276,20240101,0.01
19,20240112,0.01
255,20240110,0.01
167,20240101,0.01
255,20240108,0.01
151,20240112,0.01
248,20240104,0.01
248,20240105,0.01
248,20240106,0.01
248,20240107,0.01
151,20240113,0.01
151,20240114,0.01
248,20240110,0.01
158,20240101,0.01
151,20240111,0.01
158,20240102,0.01
158,20240104,0.01
158,20240105,0.01
158,20240106,0.01
158,20240107,0.01
2,20240104,0.01
158,20240109,0.01
158,20240110,0.01
158,20240111,0.01
158,20240112,0.01
158,20240103,0.01
158,20240113,0.01
151,20240110,0.01
151,20240108,0.01
150,20240104,0.01
150,20240105,0.01
150,20240106,0.01
150,20240107,0.01
150,20240108,0.01
150,20240109,0.01
151,20240101,0.01
2,20240114,0.01
2,20240113,0.01
151,20240109,0.01
2,20240112,0.01
2,20240110,0.01
151,20240102,0.01
151,20240103,0.01
2,20240109,0.01
2,20240108,0.01
151,20240104,0.01
151,20240105,0.01
151,20240106,0.01
151,20240107,0.01
2,20240111,0.01
2,20240107,0.01
158,20240108,0.01
167,20240114,0.01
254,20240103,0.01
254,20240104,0.01
254,20240105,0.01
158,20240114,0.01
254,20240107,0.01
254,20240108,0.01
254,20240109,0.01
254,20240110,0.01
254,20240111,0.01
254,20240112,0.01
254,20240113,0.01
254,20240114,0.01
255,20240101,0.01
255,20240102,0.01
255,20240103,0.01
255,20240104,0.01
255,20240105,0.01
372,20240110,0.01
255,20240107,0.01
254,20240102,0.01
254,20240101,0.01
254,20240106,0.01
2,20240105,0.01
167,20240113,0.01
167,20240112,0.01
167,20240111,0.01
167,20240110,0.01
167,20240108,0.01
167,20240106,0.01
2,20240106,0.01
251,20240101,0.01
251,20240102,0.01
251,20240103,0.01
206,20240113,0.01
372,20240114,0.01
372,20240112,0.01
97,20240112,0.01
43,20240114,0.02
193,20240108,0.02
353,20240108,0.02
355,20240104,0.02
353,20240107,0.02
167,20240109,0.02
353,20240103,0.02
353,20240106,0.02
183,20240109,0.02
353,20240111,0.02
353,20240102,0.02
355,20240101,0.02
353,20240114,0.02
355,20240109,0.02
193,20240110,0.02
177,20240111,0.02
353,20240104,0.02
353,20240101,0.02
353,20240113,0.02
353,20240112,0.02
353,20240105,0.02
233,20240105,0.02
391,20240102,0.02
297,20240101,0.02
297,20240102,0.02
362,20240108,0.02
297,20240104,0.02
362,20240107,0.02
362,20240106,0.02
297,20240107,0.02
297,20240108,0.02
362,20240105,0.02
248,20240101,0.02
297,20240111,0.02
362,20240103,0.02
362,20240102,0.02
244,20240114,0.02
244,20240113,0.02
244,20240109,0.02
244,20240105,0.02
244,20240101,0.02
362,20240101,0.02
240,20240114,0.02
362,20240104,0.02
240,20240113,0.02
248,20240102,0.02
248,20240108,0.02
363,20240112,0.02
366,20240109,0.02
18,20240105,0.02
18,20240104,0.02
18,20240102,0.02
256,20240108,0.02
256,20240102,0.02
353,20240109,0.02
362,20240114,0.02
248,20240103,0.02
362,20240113,0.02
362,20240111,0.02
362,20240110,0.02
293,20240113,0.02
362,20240109,0.02
248,20240114,0.02
248,20240113,0.02
248,20240112,0.02
248,20240111,0.02
248,20240109,0.02
362,20240112,0.02
240,20240112,0.02
353,20240110,0.02
240,20240105,0.02
240,20240108,0.02
240,20240111,0.02
240,20240107,0.02
240,20240106,0.02
233,20240101,0.02
240,20240110,0.02
240,20240104,0.02
240,20240103,0.02
240,20240102,0.02
109,20240109,0.02
109,20240111,0.02
13,20240105,0.02
13,20240104,0.02
233,20240111,0.02
240,20240109,0.02
57,20240109,0.02
13,20240103,0.02
233,20240104,0.02
13,20240101,0.02
13,20240102,0.02
240,20240101,0.02
167,20240107,0.03
167,20240103,0.03
102,20240102,0.04
233,20240114,0.04
102,20240109,0.04
102,20240107,0.04
102,20240108,0.04
350,20240103,0.04
102,20240110,0.04
350,20240104,0.04
102,20240101,0.04
233,20240109,0.04
350,20240101,0.04
378,20240104,0.04
233,20240102,0.04
378,20240111,0.04
378,20240110,0.04
378,20240109,0.04
378,20240108,0.04
233,20240107,0.04
297,20240114,0.04
378,20240103,0.04
177,20240110,0.04
233,20240108,0.04
177,20240108,0.04
350,20240102,0.04
233,20240106,0.04
355,20240102,0.04
34,20240104,0.04
214,20240101,0.04
233,20240113,0.04
149,20240109,0.04
149,20240108,0.04
149,20240102,0.04
149,20240101,0.04
34,20240102,0.04
211,20240104,0.04
84,20240113,0.04
84,20240109,0.04
84,20240107,0.04
84,20240104,0.04
84,20240102,0.04
211,20240101,0.04
84,20240114,0.04
378,20240101,0.04
10,20240102,0.04
378,20240102,0.04
355,20240103,0.04
177,20240104,0.04
372,20240105,0.04
350,20240108,0.04
34,20240108,0.04
34,20240109,0.04
34,20240110,0.04
10,20240104,0.04
34,20240111,0.04
350,20240109,0.04
355,20240110,0.04
355,20240111,0.04
177,20240103,0.04
177,20240102,0.04
355,20240108,0.04
172,20240103,0.04
377,20240107,0.05
377,20240106,0.05
397,20240103,0.05
377,20240105,0.05
363,20240111,0.05
363,20240108,0.05
366,20240105,0.05
366,20240112,0.05
366,20240113,0.05
366,20240114,0.05
370,20240102,0.05
18,20240114,0.05
18,20240111,0.05
18,20240110,0.05
18,20240109,0.05
363,20240101,0.05
18,20240108,0.05
372,20240102,0.05
10,20240109,0.05
372,20240104,0.05
372,20240106,0.05
372,20240111,0.05
16,20240111,0.05
377,20240101,0.05
377,20240102,0.05
377,20240103,0.05
363,20240104,0.05
377,20240104,0.05
18,20240103,0.05
377,20240108,0.05
393,20240102,0.05
377,20240110,0.05
381,20240104,0.05
355,20240112,0.05
355,20240113,0.05
355,20240114,0.05
381,20240105,0.05
381,20240106,0.05
393,20240112,0.05
381,20240108,0.05
361,20240111,0.05
381,20240110,0.05
356,20240107,0.05
397,20240114,0.05
397,20240113,0.05
355,20240107,0.05
381,20240111,0.05
381,20240113,0.05
381,20240114,0.05
393,20240113,0.05
393,20240114,0.05
397,20240101,0.05
397,20240111,0.05
397,20240110,0.05
397,20240109,0.05
397,20240108,0.05
397,20240107,0.05
397,20240106,0.05
397,20240105,0.05
397,20240104,0.05
381,20240112,0.05
377,20240109,0.05
355,20240106,0.05
16,20240101,0.05
377,20240111,0.05
377,20240112,0.05
377,20240113,0.05
377,20240114,0.05
378,20240105,0.05
361,20240102,0.05
397,20240102,0.05
361,20240104,0.05
393,20240108,0.05
393,20240109,0.05
393,20240110,0.05
3,20240102,0.05
3,20240103,0.05
355,20240105,0.05
3,20240104,0.05
3,20240106,0.05
3,20240108,0.05
3,20240109,0.05
3,20240111,0.05
378,20240106,0.05
378,20240107,0.05
391,20240103,0.05
378,20240112,0.05
378,20240113,0.05
378,20240114,0.05
16,20240102,0.05
3,20240113,0.05
3,20240114,0.05
393,20240111,0.05
3,20240112,0.05
165,20240106,0.05
350,20240113,0.05
111,20240107,0.05
111,20240106,0.05
111,20240105,0.05
111,20240104,0.05
111,20240103,0.05
111,20240102,0.05
111,20240101,0.05
110,20240114,0.05
110,20240113,0.05
111,20240108,0.05
110,20240111,0.05
110,20240109,0.05
110,20240108,0.05
110,20240107,0.05
110,20240106,0.05
110,20240105,0.05
110,20240104,0.05
110,20240102,0.05
110,20240101,0.05
109,20240110,0.05
110,20240110,0.05
111,20240109,0.05
111,20240110,0.05
111,20240111,0.05
211,20240106,0.05
211,20240107,0.05
211,20240113,0.05
211,20240114,0.05
219,20240101,0.05
219,20240102,0.05
219,20240103,0.05
219,20240104,0.05
219,20240105,0.05
219,20240106,0.05
219,20240107,0.05
219,20240108,0.05
219,20240109,0.05
219,20240110,0.05
219,20240111,0.05
219,20240112,0.05
219,20240113,0.05
229,20240109,0.05
111,20240114,0.05
111,20240113,0.05
111,20240112,0.05
109,20240103,0.05
105,20240110,0.05
104,20240114,0.05
104,20240113,0.05
100,20240114,0.05
100,20240113,0.05
100,20240112,0.05
100,20240111,0.05
100,20240110,0.05
100,20240109,0.05
100,20240108,0.05
100,20240107,0.05
100,20240106,0.05
100,20240105,0.05
100,20240104,0.05
100,20240103,0.05
100,20240102,0.05
100,20240101,0.05
247,20240102,0.05
247,20240103,0.05
247,20240104,0.05
247,20240105,0.05
247,20240106,0.05
247,20240107,0.05
247,20240109,0.05
243,20240114,0.05
211,20240105,0.05
243,20240113,0.05
243,20240111,0.05
104,20240112,0.05
104,20240111,0.05
104,20240110,0.05
104,20240109,0.05
104,20240108,0.05
104,20240107,0.05
104,20240106,0.05
104,20240105,0.05
104,20240104,0.05
104,20240103,0.05
104,20240102,0.05
104,20240101,0.05
243,20240102,0.05
243,20240103,0.05
243,20240104,0.05
243,20240105,0.05
243,20240106,0.05
243,20240107,0.05
243,20240108,0.05
243,20240109,0.05
243,20240110,0.05
243,20240112,0.05
247,20240110,0.05
210,20240114,0.05
210,20240109,0.05
149,20240113,0.05
183,20240112,0.05
184,20240101,0.05
184,20240102,0.05
184,20240103,0.05
149,20240112,0.05
184,20240105,0.05
184,20240106,0.05
184,20240107,0.05
149,20240114,0.05
184,20240108,0.05
184,20240110,0.05
184,20240112,0.05
184,20240113,0.05
184,20240114,0.05
149,20240107,0.05
149,20240106,0.05
149,20240105,0.05
189,20240101,0.05
189,20240102,0.05
184,20240109,0.05
178,20240114,0.05
178,20240113,0.05
178,20240112,0.05
165,20240111,0.05
165,20240114,0.05
167,20240102,0.05
167,20240104,0.05
167,20240105,0.05
172,20240105,0.05
177,20240105,0.05
177,20240106,0.05
177,20240112,0.05
177,20240113,0.05
177,20240114,0.05
178,20240101,0.05
178,20240102,0.05
178,20240103,0.05
178,20240104,0.05
178,20240105,0.05
178,20240106,0.05
178,20240108,0.05
178,20240109,0.05
178,20240110,0.05
178,20240111,0.05
189,20240103,0.05
189,20240104,0.05
189,20240105,0.05
189,20240106,0.05
196,20240112,0.05
196,20240114,0.05
203,20240101,0.05
203,20240102,0.05
203,20240103,0.05
203,20240104,0.05
203,20240105,0.05
203,20240106,0.05
203,20240107,0.05
203,20240108,0.05
203,20240109,0.05
203,20240110,0.05
203,20240111,0.05
203,20240112,0.05
203,20240113,0.05
203,20240114,0.05
206,20240107,0.05
206,20240109,0.05
206,20240111,0.05
210,20240102,0.05
210,20240108,0.05
196,20240111,0.05
210,20240111,0.05
196,20240109,0.05
196,20240106,0.05
189,20240107,0.05
189,20240108,0.05
189,20240109,0.05
189,20240110,0.05
189,20240111,0.05
189,20240112,0.05
189,20240113,0.05
189,20240114,0.05
144,20240110,0.05
144,20240109,0.05
144,20240108,0.05
144,20240107,0.05
144,20240106,0.05
144,20240104,0.05
144,20240102,0.05
193,20240109,0.05
193,20240111,0.05
196,20240101,0.05
196,20240102,0.05
196,20240103,0.05
196,20240104,0.05
196,20240108,0.05
350,20240114,0.05
247,20240111,0.05
247,20240113,0.05
59,20240111,0.05
59,20240109,0.05
59,20240108,0.05
59,20240107,0.05
59,20240106,0.05
59,20240105,0.05
59,20240104,0.05
307,20240101,0.05
307,20240102,0.05
59,20240112,0.05
307,20240103,0.05
307,20240105,0.05
307,20240106,0.05
307,20240107,0.05
307,20240108,0.05
307,20240109,0.05
307,20240110,0.05
307,20240111,0.05
307,20240112,0.05
307,20240113,0.05
307,20240104,0.05
59,20240113,0.05
59,20240114,0.05
63,20240104,0.05
279,20240113,0.05
279,20240114,0.05
293,20240101,0.05
293,20240102,0.05
293,20240103,0.05
293,20240104,0.05
293,20240105,0.05
293,20240106,0.05
293,20240107,0.05
293,20240108,0.05
293,20240109,0.05
293,20240110,0.05
293,20240111,0.05
293,20240112,0.05
293,20240114,0.05
297,20240103,0.05
297,20240105,0.05
297,20240106,0.05
297,20240110,0.05
297,20240112,0.05
63,20240105,0.05
307,20240114,0.05
59,20240102,0.05
59,20240101,0.05
57,20240113,0.05
35,20240110,0.05
35,20240109,0.05
35,20240108,0.05
35,20240106,0.05
35,20240105,0.05
35,20240104,0.05
35,20240103,0.05
35,20240102,0.05
35,20240101,0.05
34,20240114,0.05
34,20240113,0.05
34,20240112,0.05
34,20240107,0.05
34,20240106,0.05
334,20240114,0.05
34,20240105,0.05
25,20240106,0.05
350,20240105,0.05
350,20240106,0.05
350,20240107,0.05
350,20240112,0.05
35,20240111,0.05
279,20240112,0.05
35,20240112,0.05
35,20240114,0.05
57,20240112,0.05
57,20240111,0.05
57,20240110,0.05
57,20240107,0.05
57,20240105,0.05
57,20240103,0.05
57,20240102,0.05
57,20240101,0.05
314,20240101,0.05
314,20240102,0.05
314,20240103,0.05
314,20240104,0.05
314,20240105,0.05
314,20240106,0.05
314,20240107,0.05
314,20240108,0.05
314,20240109,0.05
314,20240111,0.05
314,20240112,0.05
314,20240113,0.05
314,20240114,0.05
35,20240113,0.05
247,20240112,0.05
165,20240107,0.05
279,20240108,0.05
97,20240110,0.05
97,20240109,0.05
97,20240108,0.05
97,20240107,0.05
97,20240106,0.05
97,20240105,0.05
97,20240104,0.05
256,20240105,0.05
256,20240106,0.05
97,20240111,0.05
256,20240107,0.05
97,20240102,0.05
97,20240101,0.05
92,20240114,0.05
92,20240113,0.05
92,20240112,0.05
92,20240111,0.05
92,20240110,0.05
92,20240109,0.05
92,20240108,0.05
97,20240103,0.05
97,20240113,0.05
251,20240113,0.05
251,20240112,0.05
250,20240101,0.05
250,20240102,0.05
250,20240103,0.05
250,20240104,0.05
250,20240105,0.05
250,20240107,0.05
250,20240108,0.05
250,20240109,0.05
250,20240110,0.05
250,20240111,0.05
250,20240112,0.05
250,20240113,0.05
250,20240114,0.05
251,20240104,0.05
251,20240105,0.05
251,20240106,0.05
251,20240107,0.05
251,20240108,0.05
251,20240109,0.05
251,20240110,0.05
251,20240111,0.05
92,20240107,0.05
92,20240106,0.05
92,20240105,0.05
92,20240104,0.05
272,20240108,0.05
272,20240109,0.05
272,20240111,0.05
272,20240112,0.05
272,20240113,0.05
272,20240114,0.05
84,20240112,0.05
84,20240110,0.05
274,20240102,0.05
274,20240106,0.05
274,20240107,0.05
274,20240108,0.05
274,20240112,0.05
274,20240113,0.05
274,20240114,0.05
84,20240105,0.05
279,20240103,0.05
279,20240104,0.05
279,20240105,0.05
279,20240106,0.05
279,20240107,0.05
272,20240104,0.05
279,20240109,0.05
272,20240102,0.05
271,20240114,0.05
92,20240103,0.05
92,20240102,0.05
92,20240101,0.05
87,20240114,0.05
87,20240113,0.05
87,20240112,0.05
87,20240111,0.05
87,20240110,0.05
87,20240109,0.05
87,20240108,0.05
87,20240107,0.05
87,20240106,0.05
87,20240105,0.05
87,20240104,0.05
87,20240103,0.05
87,20240102,0.05
87,20240101,0.05
271,20240110,0.05
271,20240111,0.05
271,20240112,0.05
271,20240113,0.05
272,20240101,0.05
279,20240111,0.05
